<?xml version="1.0" encoding="UTF-8"?>
<GenRun Id="impl_1" LaunchPart="xc7a100tcsg324-1" LaunchTime="1739651763">
  <File Type="ROUTE-PWR" Name="booth_multiplier_onboard_power_routed.rpt"/>
  <File Type="PA-TCL" Name="booth_multiplier_onboard.tcl"/>
  <File Type="ROUTE-PWR-SUM" Name="booth_multiplier_onboard_power_summary_routed.pb"/>
  <File Type="REPORTS-TCL" Name="booth_multiplier_onboard_reports.tcl"/>
  <File Type="BITSTR-MSK" Name="booth_multiplier_onboard.msk"/>
  <File Type="ROUTE-CLK" Name="booth_multiplier_onboard_clock_utilization_routed.rpt"/>
  <File Type="RDI-RDI" Name="booth_multiplier_onboard.vdi"/>
  <File Type="POSTROUTE-PHYSOPT-BUS-SKEW-PB" Name="booth_multiplier_onboard_bus_skew_postroute_physopted.pb"/>
  <File Type="BG-BIT" Name="booth_multiplier_onboard.bit"/>
  <File Type="BG-DRC" Name="booth_multiplier_onboard.drc"/>
  <File Type="BG-BGN" Name="booth_multiplier_onboard.bgn"/>
  <File Type="BG-BIN" Name="booth_multiplier_onboard.bin"/>
  <File Type="BITSTR-RBT" Name="booth_multiplier_onboard.rbt"/>
  <File Type="BITSTR-NKY" Name="booth_multiplier_onboard.nky"/>
  <File Type="BITSTR-BMM" Name="booth_multiplier_onboard_bd.bmm"/>
  <File Type="BITSTR-MMI" Name="booth_multiplier_onboard.mmi"/>
  <File Type="ROUTE-METHODOLOGY-DRC" Name="booth_multiplier_onboard_methodology_drc_routed.rpt"/>
  <File Type="BITSTR-SYSDEF" Name="booth_multiplier_onboard.sysdef"/>
  <File Type="BITSTR-LTX" Name="debug_nets.ltx"/>
  <File Type="BITSTR-LTX" Name="booth_multiplier_onboard.ltx"/>
  <File Type="WBT-USG" Name="usage_statistics_webtalk.html"/>
  <File Type="OPT-DRC" Name="booth_multiplier_onboard_drc_opted.rpt"/>
  <File Type="OPT-HWDEF" Name="booth_multiplier_onboard.hwdef"/>
  <File Type="PLACE-IO" Name="booth_multiplier_onboard_io_placed.rpt"/>
  <File Type="PLACE-UTIL" Name="booth_multiplier_onboard_utilization_placed.rpt"/>
  <File Type="PLACE-UTIL-PB" Name="booth_multiplier_onboard_utilization_placed.pb"/>
  <File Type="PLACE-CTRL" Name="booth_multiplier_onboard_control_sets_placed.rpt"/>
  <File Type="PLACE-PRE-SIMILARITY" Name="booth_multiplier_onboard_incremental_reuse_pre_placed.rpt"/>
  <File Type="ROUTE-DRC" Name="booth_multiplier_onboard_drc_routed.rpt"/>
  <File Type="ROUTE-DRC-PB" Name="booth_multiplier_onboard_drc_routed.pb"/>
  <File Type="ROUTE-PWR-RPX" Name="booth_multiplier_onboard_power_routed.rpx"/>
  <File Type="ROUTE-STATUS" Name="booth_multiplier_onboard_route_status.rpt"/>
  <File Type="ROUTE-STATUS-PB" Name="booth_multiplier_onboard_route_status.pb"/>
  <File Type="ROUTE-DCP" Name="booth_multiplier_onboard_routed.dcp"/>
  <File Type="ROUTE-ERROR-DCP" Name="booth_multiplier_onboard_routed_error.dcp"/>
  <File Type="ROUTE-BLACKBOX-DCP" Name="booth_multiplier_onboard_routed_bb.dcp"/>
  <File Type="ROUTE-TIMINGSUMMARY" Name="booth_multiplier_onboard_timing_summary_routed.rpt"/>
  <File Type="ROUTE-TIMING-PB" Name="booth_multiplier_onboard_timing_summary_routed.pb"/>
  <File Type="ROUTE-TIMING-RPX" Name="booth_multiplier_onboard_timing_summary_routed.rpx"/>
  <File Type="ROUTE-SIMILARITY" Name="booth_multiplier_onboard_incremental_reuse_routed.rpt"/>
  <File Type="ROUTE-BUS-SKEW" Name="booth_multiplier_onboard_bus_skew_routed.rpt"/>
  <File Type="ROUTE-BUS-SKEW-PB" Name="booth_multiplier_onboard_bus_skew_routed.pb"/>
  <File Type="ROUTE-BUS-SKEW-RPX" Name="booth_multiplier_onboard_bus_skew_routed.rpx"/>
  <File Type="OPT-DCP" Name="booth_multiplier_onboard_opt.dcp"/>
  <File Type="PLACE-DCP" Name="booth_multiplier_onboard_placed.dcp"/>
  <File Type="PWROPT-DCP" Name="booth_multiplier_onboard_pwropt.dcp"/>
  <File Type="POSTPLACE-PWROPT-DCP" Name="booth_multiplier_onboard_postplace_pwropt.dcp"/>
  <File Type="PHYSOPT-DCP" Name="booth_multiplier_onboard_physopt.dcp"/>
  <File Type="POSTROUTE-PHYSOPT-DCP" Name="booth_multiplier_onboard_postroute_physopt.dcp"/>
  <File Type="POSTROUTE-PHYSOPT-BLACKBOX-DCP" Name="booth_multiplier_onboard_postroute_physopt_bb.dcp"/>
  <File Type="POSTROUTE-PHYSOPT-TIMING" Name="booth_multiplier_onboard_timing_summary_postroute_physopted.rpt"/>
  <File Type="POSTROUTE-PHYSOPT-TIMING-PB" Name="booth_multiplier_onboard_timing_summary_postroute_physopted.pb"/>
  <File Type="POSTROUTE-PHYSOPT-TIMING-RPX" Name="booth_multiplier_onboard_timing_summary_postroute_physopted.rpx"/>
  <File Type="POSTROUTE-PHYSOPT-BUS-SKEW" Name="booth_multiplier_onboard_bus_skew_postroute_physopted.rpt"/>
  <File Type="POSTROUTE-PHYSOPT-BUS-SKEW-RPX" Name="booth_multiplier_onboard_bus_skew_postroute_physopted.rpx"/>
  <File Type="ROUTE-METHODOLOGY-DRC-PB" Name="booth_multiplier_onboard_methodology_drc_routed.pb"/>
  <File Type="ROUTE-DRC-RPX" Name="booth_multiplier_onboard_drc_routed.rpx"/>
  <File Type="ROUTE-METHODOLOGY-DRC-RPX" Name="booth_multiplier_onboard_methodology_drc_routed.rpx"/>
  <File Type="PDI-FILE" Name="booth_multiplier_onboard.pdi"/>
  <File Type="BOOT-PDI-FILE" Name="booth_multiplier_onboard_soc.pdi"/>
  <File Type="PL-PDI-FILE" Name="booth_multiplier_onboard_pld.pdi"/>
  <File Type="RCFI_FILE" Name="booth_multiplier_onboard.rcfi"/>
  <File Type="CFI_FILE" Name="booth_multiplier_onboard.cfi"/>
  <File Type="RNPI_FILE" Name="booth_multiplier_onboard.rnpi"/>
  <File Type="NPI_FILE" Name="booth_multiplier_onboard.npi"/>
  <File Type="RBD_FILE" Name="booth_multiplier_onboard.rbd"/>
  <File Type="ROUTE-RQS" Name="booth_multiplier_onboard_routed.rqs"/>
  <File Type="POSTROUTE-PHYSOPT-RQS" Name="booth_multiplier_onboard_postroute_physopted.rqs"/>
  <File Type="ROUTE-RQS-RPT" Name="route_report_qor_suggestions_0.rpt"/>
  <File Type="POSTROUTE-PHYSOPT-RQS-RPT" Name="postroute_physopt_report_qor_suggestions_0.rpt"/>
  <FileSet Name="sources" Type="DesignSrcs" RelSrcDir="$PSRCDIR/sources_1" RelGenDir="$PGENDIR/sources_1">
    <Filter Type="Srcs"/>
    <File Path="$PSRCDIR/sources_1/imports/sources_1/new/adder_subtractor.vhd">
      <FileInfo>
        <Attr Name="ImportPath" Val="$PPRDIR/../7_1_BOOTH_MULTIPLIER/7_1_BOOTH_MULTIPLIER.srcs/sources_1/new/adder_subtractor.vhd"/>
        <Attr Name="ImportTime" Val="1739290583"/>
        <Attr Name="UsedIn" Val="synthesis"/>
        <Attr Name="UsedIn" Val="simulation"/>
      </FileInfo>
    </File>
    <File Path="$PSRCDIR/sources_1/imports/new/anodes_manager.vhd">
      <FileInfo>
        <Attr Name="ImportPath" Val="$PPRDIR/../5_2_CHRONOMETER_BOARD/5_2_CHRONOMETER_BOARD.srcs/sources_1/new/anodes_manager.vhd"/>
        <Attr Name="ImportTime" Val="1739129494"/>
        <Attr Name="UsedIn" Val="synthesis"/>
        <Attr Name="UsedIn" Val="simulation"/>
      </FileInfo>
    </File>
    <File Path="$PSRCDIR/sources_1/imports/sources_1/new/booth_multiplier.vhd">
      <FileInfo>
        <Attr Name="ImportPath" Val="$PPRDIR/../7_1_BOOTH_MULTIPLIER/7_1_BOOTH_MULTIPLIER.srcs/sources_1/new/booth_multiplier.vhd"/>
        <Attr Name="ImportTime" Val="1739449219"/>
        <Attr Name="UsedIn" Val="synthesis"/>
        <Attr Name="UsedIn" Val="simulation"/>
      </FileInfo>
    </File>
    <File Path="$PSRCDIR/sources_1/imports/new/button_debouncer.vhd">
      <FileInfo>
        <Attr Name="ImportPath" Val="$PPRDIR/../../Others/6_2_ROM_M_MEM_BOARD/6_2_ROM_M_MEM_BOARD.srcs/sources_1/new/button_debouncer.vhd"/>
        <Attr Name="ImportTime" Val="1739207474"/>
        <Attr Name="UsedIn" Val="synthesis"/>
        <Attr Name="UsedIn" Val="simulation"/>
      </FileInfo>
    </File>
    <File Path="$PSRCDIR/sources_1/imports/new/cathodes_input_manager.vhd">
      <FileInfo>
        <Attr Name="ImportPath" Val="$PPRDIR/../5_2_CHRONOMETER_BOARD/5_2_CHRONOMETER_BOARD.srcs/sources_1/new/cathodes_input_manager.vhd"/>
        <Attr Name="ImportTime" Val="1739127404"/>
        <Attr Name="UsedIn" Val="synthesis"/>
        <Attr Name="UsedIn" Val="simulation"/>
      </FileInfo>
    </File>
    <File Path="$PSRCDIR/sources_1/imports/new/cathodes_manager.vhd">
      <FileInfo>
        <Attr Name="ImportPath" Val="$PPRDIR/../5_2_CHRONOMETER_BOARD/5_2_CHRONOMETER_BOARD.srcs/sources_1/new/cathodes_manager.vhd"/>
        <Attr Name="ImportTime" Val="1739127367"/>
        <Attr Name="UsedIn" Val="synthesis"/>
        <Attr Name="UsedIn" Val="simulation"/>
      </FileInfo>
    </File>
    <File Path="$PSRCDIR/sources_1/imports/new/clock_divider.vhd">
      <FileInfo>
        <Attr Name="ImportPath" Val="$PPRDIR/../5_2_CHRONOMETER_BOARD/5_2_CHRONOMETER_BOARD.srcs/sources_1/imports/new/clock_divider.vhd"/>
        <Attr Name="ImportTime" Val="1739124350"/>
        <Attr Name="UsedIn" Val="synthesis"/>
        <Attr Name="UsedIn" Val="simulation"/>
      </FileInfo>
    </File>
    <File Path="$PSRCDIR/sources_1/imports/sources_1/new/control_unit.vhd">
      <FileInfo>
        <Attr Name="ImportPath" Val="$PPRDIR/../7_1_BOOTH_MULTIPLIER/7_1_BOOTH_MULTIPLIER.srcs/sources_1/new/control_unit.vhd"/>
        <Attr Name="ImportTime" Val="1739449945"/>
        <Attr Name="UsedIn" Val="synthesis"/>
        <Attr Name="UsedIn" Val="simulation"/>
      </FileInfo>
    </File>
    <File Path="$PSRCDIR/sources_1/imports/sources_1/imports/new/counter.vhd">
      <FileInfo>
        <Attr Name="ImportPath" Val="$PPRDIR/../7_1_BOOTH_MULTIPLIER/7_1_BOOTH_MULTIPLIER.srcs/sources_1/imports/new/counter.vhd"/>
        <Attr Name="ImportTime" Val="1739354258"/>
        <Attr Name="UsedIn" Val="synthesis"/>
        <Attr Name="UsedIn" Val="simulation"/>
      </FileInfo>
    </File>
    <File Path="$PSRCDIR/sources_1/imports/sources_1/new/full_adder.vhd">
      <FileInfo>
        <Attr Name="ImportPath" Val="$PPRDIR/../7_1_BOOTH_MULTIPLIER/7_1_BOOTH_MULTIPLIER.srcs/sources_1/new/full_adder.vhd"/>
        <Attr Name="ImportTime" Val="1739313054"/>
        <Attr Name="UsedIn" Val="synthesis"/>
        <Attr Name="UsedIn" Val="simulation"/>
      </FileInfo>
    </File>
    <File Path="$PSRCDIR/sources_1/imports/sources_1/new/register_8.vhd">
      <FileInfo>
        <Attr Name="ImportPath" Val="$PPRDIR/../7_1_BOOTH_MULTIPLIER/7_1_BOOTH_MULTIPLIER.srcs/sources_1/new/register_8.vhd"/>
        <Attr Name="ImportTime" Val="1739311541"/>
        <Attr Name="UsedIn" Val="synthesis"/>
        <Attr Name="UsedIn" Val="simulation"/>
      </FileInfo>
    </File>
    <File Path="$PSRCDIR/sources_1/imports/sources_1/new/ripple_carry_adder_8.vhd">
      <FileInfo>
        <Attr Name="ImportPath" Val="$PPRDIR/../7_1_BOOTH_MULTIPLIER/7_1_BOOTH_MULTIPLIER.srcs/sources_1/new/ripple_carry_adder_8.vhd"/>
        <Attr Name="ImportTime" Val="1739318144"/>
        <Attr Name="UsedIn" Val="synthesis"/>
        <Attr Name="UsedIn" Val="simulation"/>
      </FileInfo>
    </File>
    <File Path="$PSRCDIR/sources_1/imports/new/seven_segments_display.vhd">
      <FileInfo>
        <Attr Name="ImportPath" Val="$PPRDIR/../5_2_CHRONOMETER_BOARD/5_2_CHRONOMETER_BOARD.srcs/sources_1/new/seven_segments_display.vhd"/>
        <Attr Name="ImportTime" Val="1739127037"/>
        <Attr Name="UsedIn" Val="synthesis"/>
        <Attr Name="UsedIn" Val="simulation"/>
      </FileInfo>
    </File>
    <File Path="$PSRCDIR/sources_1/imports/sources_1/new/shiftregister.vhd">
      <FileInfo>
        <Attr Name="ImportPath" Val="$PPRDIR/../7_1_BOOTH_MULTIPLIER/7_1_BOOTH_MULTIPLIER.srcs/sources_1/new/shiftregister.vhd"/>
        <Attr Name="ImportTime" Val="1739444797"/>
        <Attr Name="UsedIn" Val="synthesis"/>
        <Attr Name="UsedIn" Val="simulation"/>
      </FileInfo>
    </File>
    <File Path="$PSRCDIR/sources_1/new/booth_multiplier_onboard.vhd">
      <FileInfo>
        <Attr Name="UsedIn" Val="synthesis"/>
        <Attr Name="UsedIn" Val="simulation"/>
      </FileInfo>
    </File>
    <Config>
      <Option Name="DesignMode" Val="RTL"/>
      <Option Name="TopModule" Val="booth_multiplier_onboard"/>
      <Option Name="TopAutoSet" Val="TRUE"/>
    </Config>
  </FileSet>
  <FileSet Name="constrs_in" Type="Constrs" RelSrcDir="$PSRCDIR/constrs_1" RelGenDir="$PGENDIR/constrs_1">
    <Filter Type="Constrs"/>
    <File Path="$PSRCDIR/constrs_1/imports/BoardFiles/Nexys-A7-100T-Master.xdc">
      <FileInfo>
        <Attr Name="ImportPath" Val="$PPRDIR/../../BoardFiles/Nexys-A7-100T-Master.xdc"/>
        <Attr Name="ImportTime" Val="1593183028"/>
        <Attr Name="UsedIn" Val="synthesis"/>
        <Attr Name="UsedIn" Val="implementation"/>
      </FileInfo>
    </File>
    <Config>
      <Option Name="ConstrsType" Val="XDC"/>
    </Config>
  </FileSet>
  <FileSet Name="utils" Type="Utils" RelSrcDir="$PSRCDIR/utils_1" RelGenDir="$PGENDIR/utils_1">
    <Filter Type="Utils"/>
    <File Path="$PSRCDIR/utils_1/imports/synth_1/booth_multiplier_onboard.dcp">
      <FileInfo>
        <Attr Name="UsedIn" Val="synthesis"/>
        <Attr Name="UsedIn" Val="implementation"/>
        <Attr Name="UsedInSteps" Val="synth_1"/>
        <Attr Name="AutoDcp" Val="1"/>
      </FileInfo>
    </File>
    <Config>
      <Option Name="TopAutoSet" Val="TRUE"/>
    </Config>
  </FileSet>
  <Strategy Version="1" Minor="2">
    <StratHandle Name="Vivado Implementation Defaults" Flow="Vivado Implementation 2023"/>
    <Step Id="init_design"/>
    <Step Id="opt_design"/>
    <Step Id="power_opt_design"/>
    <Step Id="place_design"/>
    <Step Id="post_place_power_opt_design"/>
    <Step Id="phys_opt_design"/>
    <Step Id="route_design"/>
    <Step Id="post_route_phys_opt_design"/>
    <Step Id="write_bitstream"/>
    <Step Id="write_device_image"/>
  </Strategy>
</GenRun>
