<?xml version="1.0" encoding="UTF-8"?>
<GenRun Id="synth_1" LaunchPart="xc7a100tcsg324-1" LaunchTime="1739651763" LaunchIncrCheckpoint="$PSRCDIR/utils_1/imports/synth_1/booth_multiplier_onboard.dcp">
  <File Type="PA-TCL" Name="booth_multiplier_onboard.tcl"/>
  <File Type="REPORTS-TCL" Name="booth_multiplier_onboard_reports.tcl"/>
  <File Type="RDS-RDS" Name="booth_multiplier_onboard.vds"/>
  <File Type="RDS-UTIL" Name="booth_multiplier_onboard_utilization_synth.rpt"/>
  <File Type="RDS-UTIL-PB" Name="booth_multiplier_onboard_utilization_synth.pb"/>
  <File Type="RDS-DCP" Name="booth_multiplier_onboard.dcp"/>
  <FileSet Name="sources" Type="DesignSrcs" RelSrcDir="$PSRCDIR/sources_1" RelGenDir="$PGENDIR/sources_1">
    <Filter Type="Srcs"/>
    <File Path="$PSRCDIR/sources_1/imports/sources_1/new/adder_subtractor.vhd">
      <FileInfo>
        <Attr Name="ImportPath" Val="$PPRDIR/../7_1_BOOTH_MULTIPLIER/7_1_BOOTH_MULTIPLIER.srcs/sources_1/new/adder_subtractor.vhd"/>
        <Attr Name="ImportTime" Val="1739290583"/>
        <Attr Name="UsedIn" Val="synthesis"/>
        <Attr Name="UsedIn" Val="simulation"/>
      </FileInfo>
    </File>
    <File Path="$PSRCDIR/sources_1/imports/new/anodes_manager.vhd">
      <FileInfo>
        <Attr Name="ImportPath" Val="$PPRDIR/../5_2_CHRONOMETER_BOARD/5_2_CHRONOMETER_BOARD.srcs/sources_1/new/anodes_manager.vhd"/>
        <Attr Name="ImportTime" Val="1739129494"/>
        <Attr Name="UsedIn" Val="synthesis"/>
        <Attr Name="UsedIn" Val="simulation"/>
      </FileInfo>
    </File>
    <File Path="$PSRCDIR/sources_1/imports/sources_1/new/booth_multiplier.vhd">
      <FileInfo>
        <Attr Name="ImportPath" Val="$PPRDIR/../7_1_BOOTH_MULTIPLIER/7_1_BOOTH_MULTIPLIER.srcs/sources_1/new/booth_multiplier.vhd"/>
        <Attr Name="ImportTime" Val="1739449219"/>
        <Attr Name="UsedIn" Val="synthesis"/>
        <Attr Name="UsedIn" Val="simulation"/>
      </FileInfo>
    </File>
    <File Path="$PSRCDIR/sources_1/imports/new/button_debouncer.vhd">
      <FileInfo>
        <Attr Name="ImportPath" Val="$PPRDIR/../../Others/6_2_ROM_M_MEM_BOARD/6_2_ROM_M_MEM_BOARD.srcs/sources_1/new/button_debouncer.vhd"/>
        <Attr Name="ImportTime" Val="1739207474"/>
        <Attr Name="UsedIn" Val="synthesis"/>
        <Attr Name="UsedIn" Val="simulation"/>
      </FileInfo>
    </File>
    <File Path="$PSRCDIR/sources_1/imports/new/cathodes_input_manager.vhd">
      <FileInfo>
        <Attr Name="ImportPath" Val="$PPRDIR/../5_2_CHRONOMETER_BOARD/5_2_CHRONOMETER_BOARD.srcs/sources_1/new/cathodes_input_manager.vhd"/>
        <Attr Name="ImportTime" Val="1739127404"/>
        <Attr Name="UsedIn" Val="synthesis"/>
        <Attr Name="UsedIn" Val="simulation"/>
      </FileInfo>
    </File>
    <File Path="$PSRCDIR/sources_1/imports/new/cathodes_manager.vhd">
      <FileInfo>
        <Attr Name="ImportPath" Val="$PPRDIR/../5_2_CHRONOMETER_BOARD/5_2_CHRONOMETER_BOARD.srcs/sources_1/new/cathodes_manager.vhd"/>
        <Attr Name="ImportTime" Val="1739127367"/>
        <Attr Name="UsedIn" Val="synthesis"/>
        <Attr Name="UsedIn" Val="simulation"/>
      </FileInfo>
    </File>
    <File Path="$PSRCDIR/sources_1/imports/new/clock_divider.vhd">
      <FileInfo>
        <Attr Name="ImportPath" Val="$PPRDIR/../5_2_CHRONOMETER_BOARD/5_2_CHRONOMETER_BOARD.srcs/sources_1/imports/new/clock_divider.vhd"/>
        <Attr Name="ImportTime" Val="1739124350"/>
        <Attr Name="UsedIn" Val="synthesis"/>
        <Attr Name="UsedIn" Val="simulation"/>
      </FileInfo>
    </File>
    <File Path="$PSRCDIR/sources_1/imports/sources_1/new/control_unit.vhd">
      <FileInfo>
        <Attr Name="ImportPath" Val="$PPRDIR/../7_1_BOOTH_MULTIPLIER/7_1_BOOTH_MULTIPLIER.srcs/sources_1/new/control_unit.vhd"/>
        <Attr Name="ImportTime" Val="1739449945"/>
        <Attr Name="UsedIn" Val="synthesis"/>
        <Attr Name="UsedIn" Val="simulation"/>
      </FileInfo>
    </File>
    <File Path="$PSRCDIR/sources_1/imports/sources_1/imports/new/counter.vhd">
      <FileInfo>
        <Attr Name="ImportPath" Val="$PPRDIR/../7_1_BOOTH_MULTIPLIER/7_1_BOOTH_MULTIPLIER.srcs/sources_1/imports/new/counter.vhd"/>
        <Attr Name="ImportTime" Val="1739354258"/>
        <Attr Name="UsedIn" Val="synthesis"/>
        <Attr Name="UsedIn" Val="simulation"/>
      </FileInfo>
    </File>
    <File Path="$PSRCDIR/sources_1/imports/sources_1/new/full_adder.vhd">
      <FileInfo>
        <Attr Name="ImportPath" Val="$PPRDIR/../7_1_BOOTH_MULTIPLIER/7_1_BOOTH_MULTIPLIER.srcs/sources_1/new/full_adder.vhd"/>
        <Attr Name="ImportTime" Val="1739313054"/>
        <Attr Name="UsedIn" Val="synthesis"/>
        <Attr Name="UsedIn" Val="simulation"/>
      </FileInfo>
    </File>
    <File Path="$PSRCDIR/sources_1/imports/sources_1/new/register_8.vhd">
      <FileInfo>
        <Attr Name="ImportPath" Val="$PPRDIR/../7_1_BOOTH_MULTIPLIER/7_1_BOOTH_MULTIPLIER.srcs/sources_1/new/register_8.vhd"/>
        <Attr Name="ImportTime" Val="1739311541"/>
        <Attr Name="UsedIn" Val="synthesis"/>
        <Attr Name="UsedIn" Val="simulation"/>
      </FileInfo>
    </File>
    <File Path="$PSRCDIR/sources_1/imports/sources_1/new/ripple_carry_adder_8.vhd">
      <FileInfo>
        <Attr Name="ImportPath" Val="$PPRDIR/../7_1_BOOTH_MULTIPLIER/7_1_BOOTH_MULTIPLIER.srcs/sources_1/new/ripple_carry_adder_8.vhd"/>
        <Attr Name="ImportTime" Val="1739318144"/>
        <Attr Name="UsedIn" Val="synthesis"/>
        <Attr Name="UsedIn" Val="simulation"/>
      </FileInfo>
    </File>
    <File Path="$PSRCDIR/sources_1/imports/new/seven_segments_display.vhd">
      <FileInfo>
        <Attr Name="ImportPath" Val="$PPRDIR/../5_2_CHRONOMETER_BOARD/5_2_CHRONOMETER_BOARD.srcs/sources_1/new/seven_segments_display.vhd"/>
        <Attr Name="ImportTime" Val="1739127037"/>
        <Attr Name="UsedIn" Val="synthesis"/>
        <Attr Name="UsedIn" Val="simulation"/>
      </FileInfo>
    </File>
    <File Path="$PSRCDIR/sources_1/imports/sources_1/new/shiftregister.vhd">
      <FileInfo>
        <Attr Name="ImportPath" Val="$PPRDIR/../7_1_BOOTH_MULTIPLIER/7_1_BOOTH_MULTIPLIER.srcs/sources_1/new/shiftregister.vhd"/>
        <Attr Name="ImportTime" Val="1739444797"/>
        <Attr Name="UsedIn" Val="synthesis"/>
        <Attr Name="UsedIn" Val="simulation"/>
      </FileInfo>
    </File>
    <File Path="$PSRCDIR/sources_1/new/booth_multiplier_onboard.vhd">
      <FileInfo>
        <Attr Name="UsedIn" Val="synthesis"/>
        <Attr Name="UsedIn" Val="simulation"/>
      </FileInfo>
    </File>
    <Config>
      <Option Name="DesignMode" Val="RTL"/>
      <Option Name="TopModule" Val="booth_multiplier_onboard"/>
      <Option Name="TopAutoSet" Val="TRUE"/>
    </Config>
  </FileSet>
  <FileSet Name="constrs_in" Type="Constrs" RelSrcDir="$PSRCDIR/constrs_1" RelGenDir="$PGENDIR/constrs_1">
    <Filter Type="Constrs"/>
    <File Path="$PSRCDIR/constrs_1/imports/BoardFiles/Nexys-A7-100T-Master.xdc">
      <FileInfo>
        <Attr Name="ImportPath" Val="$PPRDIR/../../BoardFiles/Nexys-A7-100T-Master.xdc"/>
        <Attr Name="ImportTime" Val="1593183028"/>
        <Attr Name="UsedIn" Val="synthesis"/>
        <Attr Name="UsedIn" Val="implementation"/>
      </FileInfo>
    </File>
    <Config>
      <Option Name="ConstrsType" Val="XDC"/>
    </Config>
  </FileSet>
  <FileSet Name="utils" Type="Utils" RelSrcDir="$PSRCDIR/utils_1" RelGenDir="$PGENDIR/utils_1">
    <Filter Type="Utils"/>
    <File Path="$PSRCDIR/utils_1/imports/synth_1/booth_multiplier_onboard.dcp">
      <FileInfo>
        <Attr Name="UsedIn" Val="synthesis"/>
        <Attr Name="UsedIn" Val="implementation"/>
        <Attr Name="UsedInSteps" Val="synth_1"/>
        <Attr Name="AutoDcp" Val="1"/>
      </FileInfo>
    </File>
    <Config>
      <Option Name="TopAutoSet" Val="TRUE"/>
    </Config>
  </FileSet>
  <Strategy Version="1" Minor="2">
    <StratHandle Name="Vivado Synthesis Defaults" Flow="Vivado Synthesis 2023"/>
    <Step Id="synth_design"/>
  </Strategy>
</GenRun>
