<?xml version="1.0" encoding="UTF-8"?>
<GenRun Id="synth_1" LaunchPart="xc7a100tcsg324-1" LaunchTime="1739206959" LaunchIncrCheckpoint="$PSRCDIR/utils_1/imports/synth_1/rom_m_mem_onboard.dcp">
  <File Type="PA-TCL" Name="rom_m_mem_onboard.tcl"/>
  <File Type="RDS-PROPCONSTRS" Name="rom_m_mem_onboard_drc_synth.rpt"/>
  <File Type="REPORTS-TCL" Name="rom_m_mem_onboard_reports.tcl"/>
  <File Type="RDS-RDS" Name="rom_m_mem_onboard.vds"/>
  <File Type="RDS-UTIL" Name="rom_m_mem_onboard_utilization_synth.rpt"/>
  <File Type="RDS-UTIL-PB" Name="rom_m_mem_onboard_utilization_synth.pb"/>
  <File Type="RDS-DCP" Name="rom_m_mem_onboard.dcp"/>
  <File Type="VDS-TIMINGSUMMARY" Name="rom_m_mem_onboard_timing_summary_synth.rpt"/>
  <File Type="VDS-TIMING-PB" Name="rom_m_mem_onboard_timing_summary_synth.pb"/>
  <FileSet Name="sources" Type="DesignSrcs" RelSrcDir="$PSRCDIR/sources_1" RelGenDir="$PGENDIR/sources_1">
    <Filter Type="Srcs"/>
    <File Path="$PSRCDIR/sources_1/imports/sources_1/new/M.vhd">
      <FileInfo>
        <Attr Name="ImportPath" Val="$PPRDIR/../6_1_ROM_M_MEM/6_1_ROM_M_MEM.srcs/sources_1/new/M.vhd"/>
        <Attr Name="ImportTime" Val="1738923983"/>
        <Attr Name="UsedIn" Val="synthesis"/>
        <Attr Name="UsedIn" Val="simulation"/>
      </FileInfo>
    </File>
    <File Path="$PSRCDIR/sources_1/imports/sources_1/new/MEM_N.vhd">
      <FileInfo>
        <Attr Name="ImportPath" Val="$PPRDIR/../6_1_ROM_M_MEM/6_1_ROM_M_MEM.srcs/sources_1/new/MEM_N.vhd"/>
        <Attr Name="ImportTime" Val="1738926122"/>
        <Attr Name="UsedIn" Val="synthesis"/>
        <Attr Name="UsedIn" Val="simulation"/>
      </FileInfo>
    </File>
    <File Path="$PSRCDIR/sources_1/imports/sources_1/new/ROM_N.vhd">
      <FileInfo>
        <Attr Name="ImportPath" Val="$PPRDIR/../6_1_ROM_M_MEM/6_1_ROM_M_MEM.srcs/sources_1/new/ROM_N.vhd"/>
        <Attr Name="ImportTime" Val="1738923775"/>
        <Attr Name="UsedIn" Val="synthesis"/>
        <Attr Name="UsedIn" Val="simulation"/>
      </FileInfo>
    </File>
    <File Path="$PSRCDIR/sources_1/imports/new/clock_divider.vhd">
      <FileInfo>
        <Attr Name="ImportPath" Val="$PPRDIR/../5_1_CHRONOMETER/5_1_CHRONOMETER.srcs/sources_1/new/clock_divider.vhd"/>
        <Attr Name="ImportTime" Val="1738857244"/>
        <Attr Name="UsedIn" Val="synthesis"/>
        <Attr Name="UsedIn" Val="simulation"/>
      </FileInfo>
    </File>
    <File Path="$PSRCDIR/sources_1/imports/sources_1/new/control_unit.vhd">
      <FileInfo>
        <Attr Name="ImportPath" Val="$PPRDIR/../6_1_ROM_M_MEM/6_1_ROM_M_MEM.srcs/sources_1/new/control_unit.vhd"/>
        <Attr Name="ImportTime" Val="1738937409"/>
        <Attr Name="UsedIn" Val="synthesis"/>
        <Attr Name="UsedIn" Val="simulation"/>
      </FileInfo>
    </File>
    <File Path="$PSRCDIR/sources_1/imports/sources_1/imports/new/counter.vhd">
      <FileInfo>
        <Attr Name="ImportPath" Val="$PPRDIR/../6_1_ROM_M_MEM/6_1_ROM_M_MEM.srcs/sources_1/imports/new/counter.vhd"/>
        <Attr Name="ImportTime" Val="1738941071"/>
        <Attr Name="UsedIn" Val="synthesis"/>
        <Attr Name="UsedIn" Val="simulation"/>
      </FileInfo>
    </File>
    <File Path="$PSRCDIR/sources_1/imports/sources_1/new/rom_m_mem.vhd">
      <FileInfo>
        <Attr Name="ImportPath" Val="$PPRDIR/../6_1_ROM_M_MEM/6_1_ROM_M_MEM.srcs/sources_1/new/rom_m_mem.vhd"/>
        <Attr Name="ImportTime" Val="1738937567"/>
        <Attr Name="UsedIn" Val="synthesis"/>
        <Attr Name="UsedIn" Val="simulation"/>
      </FileInfo>
    </File>
    <File Path="$PSRCDIR/sources_1/new/rom_m_mem_onboard.vhd">
      <FileInfo>
        <Attr Name="UsedIn" Val="synthesis"/>
        <Attr Name="UsedIn" Val="simulation"/>
      </FileInfo>
    </File>
    <Config>
      <Option Name="DesignMode" Val="RTL"/>
      <Option Name="TopModule" Val="rom_m_mem_onboard"/>
      <Option Name="TopAutoSet" Val="TRUE"/>
    </Config>
  </FileSet>
  <FileSet Name="constrs_in" Type="Constrs" RelSrcDir="$PSRCDIR/constrs_1" RelGenDir="$PGENDIR/constrs_1">
    <Filter Type="Constrs"/>
    <File Path="$PSRCDIR/constrs_1/imports/BoardFiles/Nexys-A7-100T-Master.xdc">
      <FileInfo>
        <Attr Name="ImportPath" Val="$PPRDIR/../../BoardFiles/Nexys-A7-100T-Master.xdc"/>
        <Attr Name="ImportTime" Val="1593183028"/>
        <Attr Name="UsedIn" Val="synthesis"/>
        <Attr Name="UsedIn" Val="implementation"/>
      </FileInfo>
    </File>
    <Config>
      <Option Name="ConstrsType" Val="XDC"/>
    </Config>
  </FileSet>
  <FileSet Name="utils" Type="Utils" RelSrcDir="$PSRCDIR/utils_1" RelGenDir="$PGENDIR/utils_1">
    <Filter Type="Utils"/>
    <File Path="$PSRCDIR/utils_1/imports/synth_1/rom_m_mem_onboard.dcp">
      <FileInfo>
        <Attr Name="UsedIn" Val="synthesis"/>
        <Attr Name="UsedIn" Val="implementation"/>
        <Attr Name="UsedInSteps" Val="synth_1"/>
        <Attr Name="AutoDcp" Val="1"/>
      </FileInfo>
    </File>
    <Config>
      <Option Name="TopAutoSet" Val="TRUE"/>
    </Config>
  </FileSet>
  <Strategy Version="1" Minor="2">
    <StratHandle Name="Vivado Synthesis Defaults" Flow="Vivado Synthesis 2023"/>
    <Step Id="synth_design"/>
  </Strategy>
</GenRun>
