<?xml version="1.0" encoding="UTF-8"?>
<GenRun Id="synth_1" LaunchPart="xc7a100tcsg324-1" LaunchTime="1743069187" LaunchIncrCheckpoint="$PSRCDIR/utils_1/imports/synth_1/interconnection16_4_onboard.dcp">
  <File Type="PA-TCL" Name="interconnection16_4_onboard.tcl"/>
  <File Type="RDS-PROPCONSTRS" Name="interconnection16_4_onboard_drc_synth.rpt"/>
  <File Type="REPORTS-TCL" Name="interconnection16_4_onboard_reports.tcl"/>
  <File Type="RDS-RDS" Name="interconnection16_4_onboard.vds"/>
  <File Type="RDS-UTIL" Name="interconnection16_4_onboard_utilization_synth.rpt"/>
  <File Type="RDS-UTIL-PB" Name="interconnection16_4_onboard_utilization_synth.pb"/>
  <File Type="RDS-DCP" Name="interconnection16_4_onboard.dcp"/>
  <File Type="VDS-TIMINGSUMMARY" Name="interconnection16_4_onboard_timing_summary_synth.rpt"/>
  <File Type="VDS-TIMING-PB" Name="interconnection16_4_onboard_timing_summary_synth.pb"/>
  <FileSet Name="sources" Type="DesignSrcs" RelSrcDir="$PSRCDIR/sources_1" RelGenDir="$PGENDIR/sources_1">
    <Filter Type="Srcs"/>
    <File Path="$PSRCDIR/sources_1/new/control_unit.vhd">
      <FileInfo>
        <Attr Name="ImportPath" Val="$PPRDIR/../1_3_INTERCONNECTION16_4_BOARD/1_3_INTERCONNECTION16_4_BOARD.srcs/sources_1/new/control_unit.vhd"/>
        <Attr Name="ImportTime" Val="1737486574"/>
        <Attr Name="UsedIn" Val="synthesis"/>
        <Attr Name="UsedIn" Val="simulation"/>
      </FileInfo>
    </File>
    <File Path="$PSRCDIR/sources_1/imports/sources_1/new/dmux1_4.vhd">
      <FileInfo>
        <Attr Name="ImportPath" Val="$PPRDIR/../1_2_INTERCONNECTION16_4/1_2_INTERCONNECTION16_4.srcs/sources_1/new/dmux1_4.vhd"/>
        <Attr Name="ImportTime" Val="1737475803"/>
        <Attr Name="UsedIn" Val="synthesis"/>
        <Attr Name="UsedIn" Val="simulation"/>
      </FileInfo>
    </File>
    <File Path="$PSRCDIR/sources_1/imports/sources_1/new/interconnection16_4.vhd">
      <FileInfo>
        <Attr Name="ImportPath" Val="$PPRDIR/../1_2_INTERCONNECTION16_4/1_2_INTERCONNECTION16_4.srcs/sources_1/new/interconnection16_4.vhd"/>
        <Attr Name="ImportTime" Val="1737473588"/>
        <Attr Name="UsedIn" Val="synthesis"/>
        <Attr Name="UsedIn" Val="simulation"/>
      </FileInfo>
    </File>
    <File Path="$PSRCDIR/sources_1/imports/sources_1/imports/new/mux16_1.vhd">
      <FileInfo>
        <Attr Name="ImportPath" Val="$PPRDIR/../1_2_INTERCONNECTION16_4/1_2_INTERCONNECTION16_4.srcs/sources_1/imports/new/mux16_1.vhd"/>
        <Attr Name="ImportTime" Val="1737473136"/>
        <Attr Name="UsedIn" Val="synthesis"/>
        <Attr Name="UsedIn" Val="simulation"/>
      </FileInfo>
    </File>
    <File Path="$PSRCDIR/sources_1/imports/sources_1/imports/new/mux4_1.vhd">
      <FileInfo>
        <Attr Name="ImportPath" Val="$PPRDIR/../1_2_INTERCONNECTION16_4/1_2_INTERCONNECTION16_4.srcs/sources_1/imports/new/mux4_1.vhd"/>
        <Attr Name="ImportTime" Val="1737028934"/>
        <Attr Name="UsedIn" Val="synthesis"/>
        <Attr Name="UsedIn" Val="simulation"/>
      </FileInfo>
    </File>
    <File Path="$PSRCDIR/sources_1/new/interconnection16_4_onboard.vhd">
      <FileInfo>
        <Attr Name="ImportPath" Val="$PPRDIR/../1_3_INTERCONNECTION16_4_BOARD/1_3_INTERCONNECTION16_4_BOARD.srcs/sources_1/new/interconnection16_4_onboard.vhd"/>
        <Attr Name="ImportTime" Val="1737523286"/>
        <Attr Name="UsedIn" Val="synthesis"/>
        <Attr Name="UsedIn" Val="simulation"/>
      </FileInfo>
    </File>
    <Config>
      <Option Name="DesignMode" Val="RTL"/>
      <Option Name="TopModule" Val="interconnection16_4_onboard"/>
      <Option Name="TopAutoSet" Val="TRUE"/>
    </Config>
  </FileSet>
  <FileSet Name="constrs_in" Type="Constrs" RelSrcDir="$PSRCDIR/constrs_1" RelGenDir="$PGENDIR/constrs_1">
    <Filter Type="Constrs"/>
    <File Path="$PSRCDIR/constrs_1/imports/BoardFiles/Nexys-A7-100T-Master.xdc">
      <FileInfo>
        <Attr Name="ImportPath" Val="$PPRDIR/../1_2_INTERCONNECTION16_4/1_2_INTERCONNECTION16_4.srcs/constrs_1/imports/BoardFiles/Nexys-A7-100T-Master.xdc"/>
        <Attr Name="ImportTime" Val="1593183028"/>
        <Attr Name="UsedIn" Val="synthesis"/>
        <Attr Name="UsedIn" Val="implementation"/>
      </FileInfo>
    </File>
    <Config>
      <Option Name="ConstrsType" Val="XDC"/>
    </Config>
  </FileSet>
  <FileSet Name="utils" Type="Utils" RelSrcDir="$PSRCDIR/utils_1" RelGenDir="$PGENDIR/utils_1">
    <Filter Type="Utils"/>
    <File Path="$PSRCDIR/utils_1/imports/synth_1/interconnection16_4_onboard.dcp">
      <FileInfo>
        <Attr Name="UsedIn" Val="synthesis"/>
        <Attr Name="UsedIn" Val="implementation"/>
        <Attr Name="UsedInSteps" Val="synth_1"/>
        <Attr Name="AutoDcp" Val="1"/>
      </FileInfo>
    </File>
    <Config>
      <Option Name="TopAutoSet" Val="TRUE"/>
    </Config>
  </FileSet>
  <Strategy Version="1" Minor="2">
    <StratHandle Name="Vivado Synthesis Defaults" Flow="Vivado Synthesis 2023"/>
    <Step Id="synth_design"/>
  </Strategy>
</GenRun>
