<?xml version="1.0" encoding="UTF-8"?>
<GenRun Id="synth_1" LaunchPart="xc7a100tcsg324-1" LaunchTime="1740996547" LaunchIncrCheckpoint="$PSRCDIR/utils_1/imports/synth_1/chronometer_onboard.dcp">
  <File Type="PA-TCL" Name="chronometer_onboard.tcl"/>
  <File Type="RDS-PROPCONSTRS" Name="chronometer_onboard_drc_synth.rpt"/>
  <File Type="REPORTS-TCL" Name="chronometer_onboard_reports.tcl"/>
  <File Type="RDS-RDS" Name="chronometer_onboard.vds"/>
  <File Type="RDS-UTIL" Name="chronometer_onboard_utilization_synth.rpt"/>
  <File Type="RDS-UTIL-PB" Name="chronometer_onboard_utilization_synth.pb"/>
  <File Type="RDS-DCP" Name="chronometer_onboard.dcp"/>
  <File Type="VDS-TIMINGSUMMARY" Name="chronometer_onboard_timing_summary_synth.rpt"/>
  <File Type="VDS-TIMING-PB" Name="chronometer_onboard_timing_summary_synth.pb"/>
  <FileSet Name="sources" Type="DesignSrcs" RelSrcDir="$PSRCDIR/sources_1" RelGenDir="$PGENDIR/sources_1">
    <Filter Type="Srcs"/>
    <File Path="$PSRCDIR/sources_1/new/anodes_manager.vhd">
      <FileInfo>
        <Attr Name="UsedIn" Val="synthesis"/>
        <Attr Name="UsedIn" Val="simulation"/>
      </FileInfo>
    </File>
    <File Path="$PSRCDIR/sources_1/new/cathodes_input_manager.vhd">
      <FileInfo>
        <Attr Name="UsedIn" Val="synthesis"/>
        <Attr Name="UsedIn" Val="simulation"/>
      </FileInfo>
    </File>
    <File Path="$PSRCDIR/sources_1/new/cathodes_manager.vhd">
      <FileInfo>
        <Attr Name="UsedIn" Val="synthesis"/>
        <Attr Name="UsedIn" Val="simulation"/>
      </FileInfo>
    </File>
    <File Path="$PSRCDIR/sources_1/imports/new/chronometer.vhd">
      <FileInfo>
        <Attr Name="ImportPath" Val="$PPRDIR/../5_1_CHRONOMETER/5_1_CHRONOMETER.srcs/sources_1/new/chronometer.vhd"/>
        <Attr Name="ImportTime" Val="1738750255"/>
        <Attr Name="UsedIn" Val="synthesis"/>
        <Attr Name="UsedIn" Val="simulation"/>
      </FileInfo>
    </File>
    <File Path="$PSRCDIR/sources_1/imports/new/clock_divider.vhd">
      <FileInfo>
        <Attr Name="ImportPath" Val="$PPRDIR/../5_1_CHRONOMETER/5_1_CHRONOMETER.srcs/sources_1/new/clock_divider.vhd"/>
        <Attr Name="ImportTime" Val="1738857244"/>
        <Attr Name="UsedIn" Val="synthesis"/>
        <Attr Name="UsedIn" Val="simulation"/>
      </FileInfo>
    </File>
    <File Path="$PSRCDIR/sources_1/imports/new/counter.vhd">
      <FileInfo>
        <Attr Name="ImportPath" Val="$PPRDIR/../5_1_CHRONOMETER/5_1_CHRONOMETER.srcs/sources_1/new/counter.vhd"/>
        <Attr Name="ImportTime" Val="1738748491"/>
        <Attr Name="UsedIn" Val="synthesis"/>
        <Attr Name="UsedIn" Val="simulation"/>
      </FileInfo>
    </File>
    <File Path="$PSRCDIR/sources_1/new/input_manager.vhd">
      <FileInfo>
        <Attr Name="UsedIn" Val="synthesis"/>
        <Attr Name="UsedIn" Val="simulation"/>
      </FileInfo>
    </File>
    <File Path="$PSRCDIR/sources_1/new/seven_segments_display.vhd">
      <FileInfo>
        <Attr Name="UsedIn" Val="synthesis"/>
        <Attr Name="UsedIn" Val="simulation"/>
      </FileInfo>
    </File>
    <File Path="$PSRCDIR/sources_1/new/chronometer_onboard.vhd">
      <FileInfo>
        <Attr Name="UsedIn" Val="synthesis"/>
        <Attr Name="UsedIn" Val="simulation"/>
      </FileInfo>
    </File>
    <Config>
      <Option Name="DesignMode" Val="RTL"/>
      <Option Name="TopModule" Val="chronometer_onboard"/>
      <Option Name="TopAutoSet" Val="TRUE"/>
    </Config>
  </FileSet>
  <FileSet Name="constrs_in" Type="Constrs" RelSrcDir="$PSRCDIR/constrs_1" RelGenDir="$PGENDIR/constrs_1">
    <Filter Type="Constrs"/>
    <File Path="$PSRCDIR/constrs_1/imports/BoardFiles/Nexys-A7-100T-Master.xdc">
      <FileInfo>
        <Attr Name="ImportPath" Val="$PPRDIR/../../BoardFiles/Nexys-A7-100T-Master.xdc"/>
        <Attr Name="ImportTime" Val="1593183028"/>
        <Attr Name="UsedIn" Val="synthesis"/>
        <Attr Name="UsedIn" Val="implementation"/>
      </FileInfo>
    </File>
    <Config>
      <Option Name="ConstrsType" Val="XDC"/>
    </Config>
  </FileSet>
  <FileSet Name="utils" Type="Utils" RelSrcDir="$PSRCDIR/utils_1" RelGenDir="$PGENDIR/utils_1">
    <Filter Type="Utils"/>
    <File Path="$PSRCDIR/utils_1/imports/synth_1/chronometer_onboard.dcp">
      <FileInfo>
        <Attr Name="UsedIn" Val="synthesis"/>
        <Attr Name="UsedIn" Val="implementation"/>
        <Attr Name="UsedInSteps" Val="synth_1"/>
        <Attr Name="AutoDcp" Val="1"/>
      </FileInfo>
    </File>
    <Config>
      <Option Name="TopAutoSet" Val="TRUE"/>
    </Config>
  </FileSet>
  <Strategy Version="1" Minor="2">
    <StratHandle Name="Vivado Synthesis Defaults" Flow="Vivado Synthesis 2023"/>
    <Step Id="synth_design"/>
  </Strategy>
</GenRun>
