<?xml version="1.0" encoding="UTF-8"?>
<GenRun Id="impl_1" LaunchPart="xc7a100tcsg324-1" LaunchTime="1738897141">
  <File Type="ROUTE-PWR" Name="Sequence_Detector_onboard_power_routed.rpt"/>
  <File Type="PA-TCL" Name="Sequence_Detector_onboard.tcl"/>
  <File Type="ROUTE-PWR-SUM" Name="Sequence_Detector_onboard_power_summary_routed.pb"/>
  <File Type="REPORTS-TCL" Name="Sequence_Detector_onboard_reports.tcl"/>
  <File Type="OPT-RQA-PB" Name="Sequence_Detector_onboard_rqa_opted.pb"/>
  <File Type="BITSTR-MMI" Name="Sequence_Detector_onboard.mmi"/>
  <File Type="OPT-METHODOLOGY-DRC" Name="Sequence_Detector_onboard_methodology_drc_opted.rpt"/>
  <File Type="INIT-TIMING" Name="Sequence_Detector_onboard_timing_summary_init.rpt"/>
  <File Type="OPT-TIMING" Name="Sequence_Detector_onboard_timing_summary_opted.rpt"/>
  <File Type="OPT-DCP" Name="Sequence_Detector_onboard_opt.dcp"/>
  <File Type="OPT-DRC" Name="Sequence_Detector_onboard_drc_opted.rpt"/>
  <File Type="OPT-HWDEF" Name="Sequence_Detector_onboard.hwdef"/>
  <File Type="PWROPT-DCP" Name="Sequence_Detector_onboard_pwropt.dcp"/>
  <File Type="PWROPT-DRC" Name="Sequence_Detector_onboard_drc_pwropted.rpt"/>
  <File Type="PWROPT-TIMING" Name="Sequence_Detector_onboard_timing_summary_pwropted.rpt"/>
  <File Type="PLACE-DCP" Name="Sequence_Detector_onboard_placed.dcp"/>
  <File Type="PLACE-IO" Name="Sequence_Detector_onboard_io_placed.rpt"/>
  <File Type="PLACE-CLK" Name="Sequence_Detector_onboard_clock_utilization_placed.rpt"/>
  <File Type="PLACE-UTIL" Name="Sequence_Detector_onboard_utilization_placed.rpt"/>
  <File Type="PLACE-UTIL-PB" Name="Sequence_Detector_onboard_utilization_placed.pb"/>
  <File Type="PLACE-CTRL" Name="Sequence_Detector_onboard_control_sets_placed.rpt"/>
  <File Type="PLACE-SIMILARITY" Name="Sequence_Detector_onboard_incremental_reuse_placed.rpt"/>
  <File Type="PLACE-PRE-SIMILARITY" Name="Sequence_Detector_onboard_incremental_reuse_pre_placed.rpt"/>
  <File Type="BG-BIN" Name="Sequence_Detector_onboard.bin"/>
  <File Type="PLACE-TIMING" Name="Sequence_Detector_onboard_timing_summary_placed.rpt"/>
  <File Type="ROUTE-PWR-RPX" Name="Sequence_Detector_onboard_power_routed.rpx"/>
  <File Type="PLACE-RQA-PB" Name="Sequence_Detector_onboard_rqa_placed.pb"/>
  <File Type="POSTPLACE-PWROPT-DCP" Name="Sequence_Detector_onboard_postplace_pwropt.dcp"/>
  <File Type="BITSTR-MSK" Name="Sequence_Detector_onboard.msk"/>
  <File Type="POSTPLACE-PWROPT-TIMING" Name="Sequence_Detector_onboard_timing_summary_postplace_pwropted.rpt"/>
  <File Type="PHYSOPT-DCP" Name="Sequence_Detector_onboard_physopt.dcp"/>
  <File Type="PHYSOPT-DRC" Name="Sequence_Detector_onboard_drc_physopted.rpt"/>
  <File Type="BITSTR-RBT" Name="Sequence_Detector_onboard.rbt"/>
  <File Type="PHYSOPT-TIMING" Name="Sequence_Detector_onboard_timing_summary_physopted.rpt"/>
  <File Type="ROUTE-ERROR-DCP" Name="Sequence_Detector_onboard_routed_error.dcp"/>
  <File Type="ROUTE-DCP" Name="Sequence_Detector_onboard_routed.dcp"/>
  <File Type="ROUTE-BLACKBOX-DCP" Name="Sequence_Detector_onboard_routed_bb.dcp"/>
  <File Type="ROUTE-DRC" Name="Sequence_Detector_onboard_drc_routed.rpt"/>
  <File Type="ROUTE-DRC-PB" Name="Sequence_Detector_onboard_drc_routed.pb"/>
  <File Type="ROUTE-DRC-RPX" Name="Sequence_Detector_onboard_drc_routed.rpx"/>
  <File Type="ROUTE-METHODOLOGY-DRC" Name="Sequence_Detector_onboard_methodology_drc_routed.rpt"/>
  <File Type="ROUTE-METHODOLOGY-DRC-RPX" Name="Sequence_Detector_onboard_methodology_drc_routed.rpx"/>
  <File Type="ROUTE-METHODOLOGY-DRC-PB" Name="Sequence_Detector_onboard_methodology_drc_routed.pb"/>
  <File Type="ROUTE-RQS-PB" Name="Sequence_Detector_onboard_rqs_routed.pb"/>
  <File Type="ROUTE-STATUS" Name="Sequence_Detector_onboard_route_status.rpt"/>
  <File Type="ROUTE-STATUS-PB" Name="Sequence_Detector_onboard_route_status.pb"/>
  <File Type="ROUTE-TIMINGSUMMARY" Name="Sequence_Detector_onboard_timing_summary_routed.rpt"/>
  <File Type="ROUTE-TIMING-PB" Name="Sequence_Detector_onboard_timing_summary_routed.pb"/>
  <File Type="ROUTE-TIMING-RPX" Name="Sequence_Detector_onboard_timing_summary_routed.rpx"/>
  <File Type="ROUTE-SIMILARITY" Name="Sequence_Detector_onboard_incremental_reuse_routed.rpt"/>
  <File Type="ROUTE-CLK" Name="Sequence_Detector_onboard_clock_utilization_routed.rpt"/>
  <File Type="ROUTE-BUS-SKEW" Name="Sequence_Detector_onboard_bus_skew_routed.rpt"/>
  <File Type="ROUTE-BUS-SKEW-PB" Name="Sequence_Detector_onboard_bus_skew_routed.pb"/>
  <File Type="ROUTE-BUS-SKEW-RPX" Name="Sequence_Detector_onboard_bus_skew_routed.rpx"/>
  <File Type="POSTROUTE-PHYSOPT-DCP" Name="Sequence_Detector_onboard_postroute_physopt.dcp"/>
  <File Type="POSTROUTE-PHYSOPT-BLACKBOX-DCP" Name="Sequence_Detector_onboard_postroute_physopt_bb.dcp"/>
  <File Type="POSTROUTE-PHYSOPT-TIMING" Name="Sequence_Detector_onboard_timing_summary_postroute_physopted.rpt"/>
  <File Type="POSTROUTE-PHYSOPT-TIMING-PB" Name="Sequence_Detector_onboard_timing_summary_postroute_physopted.pb"/>
  <File Type="POSTROUTE-PHYSOPT-TIMING-RPX" Name="Sequence_Detector_onboard_timing_summary_postroute_physopted.rpx"/>
  <File Type="POSTROUTE-PHYSOPT-BUS-SKEW" Name="Sequence_Detector_onboard_bus_skew_postroute_physopted.rpt"/>
  <File Type="BG-BIT" Name="Sequence_Detector_onboard.bit"/>
  <File Type="POSTROUTE-PHYSOPT-BUS-SKEW-PB" Name="Sequence_Detector_onboard_bus_skew_postroute_physopted.pb"/>
  <File Type="POSTROUTE-PHYSOPT-BUS-SKEW-RPX" Name="Sequence_Detector_onboard_bus_skew_postroute_physopted.rpx"/>
  <File Type="BITSTR-NKY" Name="Sequence_Detector_onboard.nky"/>
  <File Type="BITSTR-BMM" Name="Sequence_Detector_onboard_bd.bmm"/>
  <File Type="PDI-FILE" Name="Sequence_Detector_onboard.pdi"/>
  <File Type="BOOT-PDI-FILE" Name="Sequence_Detector_onboard_soc.pdi"/>
  <File Type="PL-PDI-FILE" Name="Sequence_Detector_onboard_pld.pdi"/>
  <File Type="RCFI_FILE" Name="Sequence_Detector_onboard.rcfi"/>
  <File Type="CFI_FILE" Name="Sequence_Detector_onboard.cfi"/>
  <File Type="RNPI_FILE" Name="Sequence_Detector_onboard.rnpi"/>
  <File Type="NPI_FILE" Name="Sequence_Detector_onboard.npi"/>
  <File Type="RBD_FILE" Name="Sequence_Detector_onboard.rbd"/>
  <File Type="BITSTR-LTX" Name="debug_nets.ltx"/>
  <File Type="BITSTR-LTX" Name="Sequence_Detector_onboard.ltx"/>
  <File Type="BITSTR-SYSDEF" Name="Sequence_Detector_onboard.sysdef"/>
  <File Type="BG-BGN" Name="Sequence_Detector_onboard.bgn"/>
  <File Type="BG-DRC" Name="Sequence_Detector_onboard.drc"/>
  <File Type="RDI-RDI" Name="Sequence_Detector_onboard.vdi"/>
  <File Type="WBT-USG" Name="usage_statistics_webtalk.html"/>
  <File Type="ROUTE-RQS" Name="Sequence_Detector_onboard_routed.rqs"/>
  <File Type="POSTROUTE-PHYSOPT-RQS" Name="Sequence_Detector_onboard_postroute_physopted.rqs"/>
  <File Type="ROUTE-RQS-RPT" Name="route_report_qor_suggestions_0.rpt"/>
  <File Type="POSTROUTE-PHYSOPT-RQS-RPT" Name="postroute_physopt_report_qor_suggestions_0.rpt"/>
  <FileSet Name="sources" Type="DesignSrcs" RelSrcDir="$PSRCDIR/sources_1" RelGenDir="$PGENDIR/sources_1">
    <Filter Type="Srcs"/>
    <File Path="$PSRCDIR/sources_1/new/Button_Debouncer.vhd">
      <FileInfo>
        <Attr Name="UsedIn" Val="synthesis"/>
        <Attr Name="UsedIn" Val="simulation"/>
      </FileInfo>
    </File>
    <File Path="$PSRCDIR/sources_1/new/Input_Manager.vhd">
      <FileInfo>
        <Attr Name="UsedIn" Val="synthesis"/>
        <Attr Name="UsedIn" Val="simulation"/>
      </FileInfo>
    </File>
    <File Path="$PSRCDIR/sources_1/imports/new/Sequence_Detector.vhd">
      <FileInfo>
        <Attr Name="ImportPath" Val="$PPRDIR/../3_1_SEQUENCE_DETECTOR/3_1_SEQUENCE_DETECTOR.srcs/sources_1/new/Sequence_Detector.vhd"/>
        <Attr Name="ImportTime" Val="1737719437"/>
        <Attr Name="UsedIn" Val="synthesis"/>
        <Attr Name="UsedIn" Val="simulation"/>
      </FileInfo>
    </File>
    <File Path="$PSRCDIR/sources_1/new/Sequence_Detector_onboard.vhd">
      <FileInfo>
        <Attr Name="UsedIn" Val="synthesis"/>
        <Attr Name="UsedIn" Val="simulation"/>
      </FileInfo>
    </File>
    <Config>
      <Option Name="DesignMode" Val="RTL"/>
      <Option Name="TopModule" Val="Sequence_Detector_onboard"/>
      <Option Name="TopAutoSet" Val="TRUE"/>
    </Config>
  </FileSet>
  <FileSet Name="constrs_in" Type="Constrs" RelSrcDir="$PSRCDIR/constrs_1" RelGenDir="$PGENDIR/constrs_1">
    <Filter Type="Constrs"/>
    <File Path="$PSRCDIR/constrs_1/imports/BoardFiles/Nexys-A7-100T-Master.xdc">
      <FileInfo>
        <Attr Name="ImportPath" Val="$PPRDIR/../../BoardFiles/Nexys-A7-100T-Master.xdc"/>
        <Attr Name="ImportTime" Val="1593183028"/>
        <Attr Name="UsedIn" Val="synthesis"/>
        <Attr Name="UsedIn" Val="implementation"/>
      </FileInfo>
    </File>
    <Config>
      <Option Name="ConstrsType" Val="XDC"/>
    </Config>
  </FileSet>
  <FileSet Name="utils" Type="Utils" RelSrcDir="$PSRCDIR/utils_1" RelGenDir="$PGENDIR/utils_1">
    <Filter Type="Utils"/>
    <File Path="$PSRCDIR/utils_1/imports/synth_1/Sequence_Detector_onboard.dcp">
      <FileInfo>
        <Attr Name="UsedIn" Val="synthesis"/>
        <Attr Name="UsedIn" Val="implementation"/>
        <Attr Name="UsedInSteps" Val="synth_1"/>
        <Attr Name="AutoDcp" Val="1"/>
      </FileInfo>
    </File>
    <Config>
      <Option Name="TopAutoSet" Val="TRUE"/>
    </Config>
  </FileSet>
  <Strategy Version="1" Minor="2">
    <StratHandle Name="Vivado Implementation Defaults" Flow="Vivado Implementation 2023"/>
    <Step Id="init_design"/>
    <Step Id="opt_design"/>
    <Step Id="power_opt_design"/>
    <Step Id="place_design"/>
    <Step Id="post_place_power_opt_design"/>
    <Step Id="phys_opt_design"/>
    <Step Id="route_design"/>
    <Step Id="post_route_phys_opt_design"/>
    <Step Id="write_bitstream"/>
  </Strategy>
</GenRun>
