<?xml version="1.0" encoding="UTF-8"?>
<GenRun Id="synth_1" LaunchPart="xc7a100tcsg324-1" LaunchTime="1738897141" LaunchIncrCheckpoint="$PSRCDIR/utils_1/imports/synth_1/Sequence_Detector_onboard.dcp">
  <File Type="PA-TCL" Name="Sequence_Detector_onboard.tcl"/>
  <File Type="RDS-PROPCONSTRS" Name="Sequence_Detector_onboard_drc_synth.rpt"/>
  <File Type="REPORTS-TCL" Name="Sequence_Detector_onboard_reports.tcl"/>
  <File Type="RDS-RDS" Name="Sequence_Detector_onboard.vds"/>
  <File Type="RDS-UTIL" Name="Sequence_Detector_onboard_utilization_synth.rpt"/>
  <File Type="RDS-UTIL-PB" Name="Sequence_Detector_onboard_utilization_synth.pb"/>
  <File Type="RDS-DCP" Name="Sequence_Detector_onboard.dcp"/>
  <File Type="VDS-TIMINGSUMMARY" Name="Sequence_Detector_onboard_timing_summary_synth.rpt"/>
  <File Type="VDS-TIMING-PB" Name="Sequence_Detector_onboard_timing_summary_synth.pb"/>
  <FileSet Name="sources" Type="DesignSrcs" RelSrcDir="$PSRCDIR/sources_1" RelGenDir="$PGENDIR/sources_1">
    <Filter Type="Srcs"/>
    <File Path="$PSRCDIR/sources_1/new/Button_Debouncer.vhd">
      <FileInfo>
        <Attr Name="UsedIn" Val="synthesis"/>
        <Attr Name="UsedIn" Val="simulation"/>
      </FileInfo>
    </File>
    <File Path="$PSRCDIR/sources_1/new/Input_Manager.vhd">
      <FileInfo>
        <Attr Name="UsedIn" Val="synthesis"/>
        <Attr Name="UsedIn" Val="simulation"/>
      </FileInfo>
    </File>
    <File Path="$PSRCDIR/sources_1/imports/new/Sequence_Detector.vhd">
      <FileInfo>
        <Attr Name="ImportPath" Val="$PPRDIR/../3_1_SEQUENCE_DETECTOR/3_1_SEQUENCE_DETECTOR.srcs/sources_1/new/Sequence_Detector.vhd"/>
        <Attr Name="ImportTime" Val="1737719437"/>
        <Attr Name="UsedIn" Val="synthesis"/>
        <Attr Name="UsedIn" Val="simulation"/>
      </FileInfo>
    </File>
    <File Path="$PSRCDIR/sources_1/new/Sequence_Detector_onboard.vhd">
      <FileInfo>
        <Attr Name="UsedIn" Val="synthesis"/>
        <Attr Name="UsedIn" Val="simulation"/>
      </FileInfo>
    </File>
    <Config>
      <Option Name="DesignMode" Val="RTL"/>
      <Option Name="TopModule" Val="Sequence_Detector_onboard"/>
      <Option Name="TopAutoSet" Val="TRUE"/>
    </Config>
  </FileSet>
  <FileSet Name="constrs_in" Type="Constrs" RelSrcDir="$PSRCDIR/constrs_1" RelGenDir="$PGENDIR/constrs_1">
    <Filter Type="Constrs"/>
    <File Path="$PSRCDIR/constrs_1/imports/BoardFiles/Nexys-A7-100T-Master.xdc">
      <FileInfo>
        <Attr Name="ImportPath" Val="$PPRDIR/../../BoardFiles/Nexys-A7-100T-Master.xdc"/>
        <Attr Name="ImportTime" Val="1593183028"/>
        <Attr Name="UsedIn" Val="synthesis"/>
        <Attr Name="UsedIn" Val="implementation"/>
      </FileInfo>
    </File>
    <Config>
      <Option Name="ConstrsType" Val="XDC"/>
    </Config>
  </FileSet>
  <FileSet Name="utils" Type="Utils" RelSrcDir="$PSRCDIR/utils_1" RelGenDir="$PGENDIR/utils_1">
    <Filter Type="Utils"/>
    <File Path="$PSRCDIR/utils_1/imports/synth_1/Sequence_Detector_onboard.dcp">
      <FileInfo>
        <Attr Name="UsedIn" Val="synthesis"/>
        <Attr Name="UsedIn" Val="implementation"/>
        <Attr Name="UsedInSteps" Val="synth_1"/>
        <Attr Name="AutoDcp" Val="1"/>
      </FileInfo>
    </File>
    <Config>
      <Option Name="TopAutoSet" Val="TRUE"/>
    </Config>
  </FileSet>
  <Strategy Version="1" Minor="2">
    <StratHandle Name="Vivado Synthesis Defaults" Flow="Vivado Synthesis 2023"/>
    <Step Id="synth_design"/>
  </Strategy>
</GenRun>
